{"cameraMode":{"drawMode":0,"name":"Shaded","section":"Shading Mode"},"sceneLighting":true,"audioPlay":false,"sceneViewState":{"showFog":true,"showMaterialUpdate":false,"showSkybox":false,"showFlares":true,"showImageEffects":true,"showParticleSystems":true},"in2DMode":false,"pivot":{"x":-1717.1737060546875,"y":-1121.28369140625,"z":-1075.0616455078125},"rotation":{"x":-0.21240171790122987,"y":0.7105071544647217,"z":-0.24089297652244569,"w":-0.6263093948364258},"size":9.06300163269043,"orthographic":false}