{"cameraMode":{"drawMode":0,"name":"Shaded","section":"Shading Mode"},"sceneLighting":true,"audioPlay":false,"sceneViewState":{"showFog":true,"showMaterialUpdate":false,"showSkybox":false,"showFlares":true,"showImageEffects":true,"showParticleSystems":true},"in2DMode":false,"pivot":{"x":-464.66485595703127,"y":-3.7968177795410158,"z":-433.9251403808594},"rotation":{"x":0.12169071286916733,"y":-0.4989940822124481,"z":0.06949935108423233,"w":0.8558783531188965},"size":74.30497741699219,"orthographic":false}