{"cameraMode":{"drawMode":0,"name":"Shaded","section":"Shading Mode"},"sceneLighting":true,"audioPlay":false,"sceneViewState":{"showFog":true,"showMaterialUpdate":false,"showSkybox":false,"showFlares":true,"showImageEffects":true,"showParticleSystems":true},"in2DMode":false,"pivot":{"x":-827.0143432617188,"y":-33.64655303955078,"z":-191.3958740234375},"rotation":{"x":-0.0018777925288304687,"y":-0.9942567944526672,"z":0.027292877435684205,"w":-0.10854834318161011},"size":74.30497741699219,"orthographic":false}