{"cameraMode":{"drawMode":0,"name":"Shaded","section":"Shading Mode"},"sceneLighting":false,"audioPlay":false,"sceneViewState":{"showFog":true,"showMaterialUpdate":false,"showSkybox":false,"showFlares":true,"showImageEffects":true,"showParticleSystems":true},"in2DMode":false,"pivot":{"x":-9.5367431640625e-7,"y":-1.712491750717163,"z":2.8499999046325685},"rotation":{"x":-0.27903708815574648,"y":-0.17786847054958344,"z":0.054543860256671908,"w":-0.9426293969154358},"size":14.532103538513184,"orthographic":false}