{"cameraMode":{"drawMode":0,"name":"Shaded","section":"Shading Mode"},"sceneLighting":false,"audioPlay":false,"sceneViewState":{"showFog":true,"showMaterialUpdate":false,"showSkybox":false,"showFlares":true,"showImageEffects":true,"showParticleSystems":true},"in2DMode":false,"pivot":{"x":-631.4459838867188,"y":-260.41339111328127,"z":143.06399536132813},"rotation":{"x":-0.27903708815574648,"y":-0.17786847054958344,"z":0.054543860256671908,"w":-0.9426293969154358},"size":2000.5186767578125,"orthographic":false}