{"cameraMode":{"drawMode":0,"name":"Shaded","section":"Shading Mode"},"sceneLighting":true,"audioPlay":false,"sceneViewState":{"showFog":true,"showMaterialUpdate":false,"showSkybox":false,"showFlares":true,"showImageEffects":true,"showParticleSystems":true},"in2DMode":false,"pivot":{"x":-9.487882614135743,"y":5.310000419616699,"z":72.93000030517578},"rotation":{"x":-0.1315106898546219,"y":0.45665839314460757,"z":-0.06846664100885391,"w":-0.8772408962249756},"size":56.01453399658203,"orthographic":false}