{"cameraMode":{"drawMode":0,"name":"Shaded","section":"Shading Mode"},"sceneLighting":false,"audioPlay":false,"sceneViewState":{"showFog":true,"showMaterialUpdate":false,"showSkybox":false,"showFlares":true,"showImageEffects":true,"showParticleSystems":true},"in2DMode":false,"pivot":{"x":-6.6447529792785648,"y":-0.13909375667572022,"z":18.674585342407228},"rotation":{"x":0.019043724983930589,"y":-0.1299455612897873,"z":0.00068747962359339,"w":0.9919509887695313},"size":22.0,"orthographic":false}