{"cameraMode":{"drawMode":0,"name":"Shaded","section":"Shading Mode"},"sceneLighting":false,"audioPlay":false,"sceneViewState":{"showFog":true,"showMaterialUpdate":false,"showSkybox":false,"showFlares":true,"showImageEffects":true,"showParticleSystems":true},"in2DMode":false,"pivot":{"x":-0.019999995827674867,"y":1.4500000476837159,"z":0.0},"rotation":{"x":0.32698631286621096,"y":-0.36168184876441958,"z":0.1340339183807373,"w":0.8634192943572998},"size":0.8592681288719177,"orthographic":false}