{"cameraMode":{"drawMode":0,"name":"Shaded","section":"Shading Mode"},"sceneLighting":false,"audioPlay":false,"sceneViewState":{"showFog":true,"showMaterialUpdate":false,"showSkybox":false,"showFlares":true,"showImageEffects":true,"showParticleSystems":true},"in2DMode":false,"pivot":{"x":3374.4892578125,"y":-311.4474792480469,"z":-416.1422119140625},"rotation":{"x":0.0974479466676712,"y":-0.8595399260520935,"z":0.174723282456398,"w":0.47123050689697268},"size":34.14680862426758,"orthographic":false}