{"cameraMode":{"drawMode":0,"name":"Shaded","section":"Shading Mode"},"sceneLighting":true,"audioPlay":false,"sceneViewState":{"showFog":true,"showMaterialUpdate":false,"showSkybox":false,"showFlares":true,"showImageEffects":true,"showParticleSystems":true},"in2DMode":false,"pivot":{"x":1931.8687744140625,"y":-677.1277465820313,"z":1918.3441162109375},"rotation":{"x":0.18007123470306397,"y":-0.16125953197479249,"z":0.029035629704594613,"w":0.9704536199569702},"size":4043.0458984375,"orthographic":false}