{"cameraMode":{"drawMode":0,"name":"Shaded","section":"Shading Mode"},"sceneLighting":true,"audioPlay":false,"sceneViewState":{"showFog":true,"showMaterialUpdate":false,"showSkybox":false,"showFlares":true,"showImageEffects":true,"showParticleSystems":true},"in2DMode":false,"pivot":{"x":2147.750244140625,"y":1438.4010009765625,"z":-2792.509765625},"rotation":{"x":0.15536482632160188,"y":-0.3447428047657013,"z":0.05659760907292366,"w":0.9246474504470825},"size":74.30497741699219,"orthographic":false}